--Data prepared by <Yuan Wang>,<wang17@ualberta.ca>,and published on <2018.2.22>





--information about account managers
INSERT INTO personnel VALUES('34725','Dan','matloff@sbcglobal.net','Windsor Drive','55263');
INSERT INTO personnel VALUES('42134','Charlotte','mjewell@optonline.net','Maple Avenue','52284');
INSERT INTO personnel VALUES('16830','Grady','panolex@sbcglobal.net','Hillcrest Avenue','37764');
INSERT INTO personnel VALUES('73709','Carina','phyruxus@me.com','Schoolhouse Lane','74321');
INSERT INTO personnel VALUES('15625','Cameron','harryh@icloud.com','Cambridge Court','16391');
INSERT INTO personnel VALUES('56468','Roderick','policies@live.com','Elm Avenue','16046');
INSERT INTO personnel VALUES('81480','Katrina','doormat@yahoo.com','Linden Street','55987');
INSERT INTO personnel VALUES('48660','Jeremy','devphil@yahoo.ca','Route 202','20637');
INSERT INTO personnel VALUES('36474','Kamron','earmstro@outlook.com','Penn Street','83326');
INSERT INTO personnel VALUES('58123','Elliott','staikos@yahoo.com','Hickory Lane','41424');
INSERT INTO personnel VALUES('12858','Alondra','arnold@live.com','Woodland Avenue','55615');
INSERT INTO personnel VALUES('12661','Greta','jlbaumga@me.com','Route 32','88606');
INSERT INTO personnel VALUES('30173','Miracle','gemmell@yahoo.ca','Eagle Road','76445');
INSERT INTO personnel VALUES('61192','Rishi','jbuchana@icloud.com','Pleasant Street','34776');
INSERT INTO personnel VALUES('13038','Gretchen','corrada@verizon.net','Mulberry Lane','14358');
INSERT INTO personnel VALUES('83804','Nathaly','ilial@live.com','Fairway Drive','37181');
INSERT INTO personnel VALUES('18457','Chloe','tromey@me.com','Brandywine Drive','53655');
INSERT INTO personnel VALUES('63403','Everett','cgarcia@sbcglobal.net','Ivy Court','85670');
INSERT INTO personnel VALUES('65898','Braden','quantaman@mac.com','Lilac Lane','25573');
INSERT INTO personnel VALUES('44330','Abril','empathy@gmail.com','Delaware Avenue','60135');


INSERT INTO users VALUES('34725','Account manager','Dan','pass1');
INSERT INTO users VALUES('42134','Account manager','Charlotte','pass2');
INSERT INTO users VALUES('16830','Account manager','Grady','pass3');
INSERT INTO users VALUES('73709','Account manager','Carina','pass4');
INSERT INTO users VALUES('15625','Account manager','Cameron','pass5');
INSERT INTO users VALUES('56468','Account manager','Roderick','pass6');
INSERT INTO users VALUES('81480','Account manager','Katrina','pass7');
INSERT INTO users VALUES('48660','Account manager','Jeremy','pass8');
INSERT INTO users VALUES('36474','Account manager','Kamron','pass9');
INSERT INTO users VALUES('58123','Account manager','Elliott','pass10');
INSERT INTO users VALUES('12858','Account manager','Alondra','pass11');
INSERT INTO users VALUES('12661','Account manager','Greta','pass12');
INSERT INTO users VALUES('30173','Account manager','Miracle','pass13');
INSERT INTO users VALUES('61192','Account manager','Rishi','pass14');
INSERT INTO users VALUES('13038','Account manager','Gretchen','pass15');
INSERT INTO users VALUES('83804','Account manager','Nathaly','pass16');
INSERT INTO users VALUES('18457','Account manager','Chloe','pass17');
INSERT INTO users VALUES('63403','Account manager','Everett','pass18');
INSERT INTO users VALUES('65898','Account manager','Braden','pass19');
INSERT INTO users VALUES('44330','Account manager','Abril','pass20');


INSERT INTO account_managers VALUES('34725','small accounts manager','8th Street South');
INSERT INTO account_managers VALUES('42134','major accounts manager','Main Street West');
INSERT INTO account_managers VALUES('16830','medium accounts manager','Magnolia Court');
INSERT INTO account_managers VALUES('73709','medium accounts manager','Route 4');
INSERT INTO account_managers VALUES('15625','medium accounts manager','Park Avenue');
INSERT INTO account_managers VALUES('56468','major accounts manager','Westminster Drive');
INSERT INTO account_managers VALUES('81480','medium accounts manager','Spruce Avenue');
INSERT INTO account_managers VALUES('48660','major accounts manager','Atlantic Avenue');
INSERT INTO account_managers VALUES('36474','small accounts manager','2nd Avenue');
INSERT INTO account_managers VALUES('58123','major accounts manager','Ridge Street');
INSERT INTO account_managers VALUES('12858','medium accounts manager','Woodland Drive');
INSERT INTO account_managers VALUES('12661','medium accounts manager','7th Street');
INSERT INTO account_managers VALUES('30173','small accounts manager','Andover Court');
INSERT INTO account_managers VALUES('61192','major accounts manager','Windsor Drive');
INSERT INTO account_managers VALUES('13038','small accounts manager','Willow Street');
INSERT INTO account_managers VALUES('83804','medium accounts manager','5th Street East');
INSERT INTO account_managers VALUES('18457','small accounts manager','Willow Avenue');
INSERT INTO account_managers VALUES('63403','major accounts manager','3rd Street East');
INSERT INTO account_managers VALUES('65898','small accounts manager','Cottage Street');
INSERT INTO account_managers VALUES('44330','major accounts manager','Washington Avenue');



INSERT INTO accounts VALUES('87625036','34725','Rhianna Wilkinson','(201) 874-4399','residential','2006-05-19 13:16:14','2018-02-12 06:50:29',837646.52);
INSERT INTO accounts VALUES('73833854','42134','Reese Thornton','(745) 516-3060','commercial','2004-01-18 03:26:06','2013-02-09 15:56:27',893618.73);
INSERT INTO accounts VALUES('34910788','16830','Jarrett Castro','(883) 338-6912','commercial','2007-01-28 20:29:51','2019-11-06 10:14:50',658737.09);
INSERT INTO accounts VALUES('12029871','73709','Areli Lowery','(706) 692-2734','industrial','2000-08-03 20:48:36','2018-03-07 04:15:21',322370.9);
INSERT INTO accounts VALUES('85043375','15625','Lilyana Gaines','(425) 810-3987','municipal','2003-04-02 7:38:38','2016-02-10 21:45:17',111695.11);
INSERT INTO accounts VALUES('72149574','56468','Lila Sloan','(626) 284-7432','industrial','2002-11-15 12:31:42','2018-04-04 02:55:07',767403.0);
INSERT INTO accounts VALUES('23593363','34725','Alonzo Shea','(496) 102-3035','commercial','2006-07-25 10:39:12','2019-07-22 16:51:29',428144.53);
INSERT INTO accounts VALUES('47129366','48660','Luz Kim','(796) 248-8999','industrial','2002-05-03 8:23:36','2018-04-16 19:32:56',834604.63);
INSERT INTO accounts VALUES('11755945','36474','Tomas Young','(581) 306-2155','residential','2003-02-01 16:20:19','2016-11-23 19:19:38',173250.09);
INSERT INTO accounts VALUES('84319749','58123','Josue Avila','(401) 172-5651','commercial','2000-03-01 20:12:42','2015-03-18 14:02:29',640219.2);
INSERT INTO accounts VALUES('77905025','34725','Julie Herrera','(359) 306-2012','industrial','2002-01-24 17:53:26','2018-02-25 17:28:58',793215.43);
INSERT INTO accounts VALUES('86352274','12661','Jamarion Kane','(998) 516-7925','residential','2000-06-24 12:43:22','2018-03-08 15:30:36',379703.78);
INSERT INTO accounts VALUES('72061292','34725','Sidney Preston','(506) 127-2567','residential','2007-06-15 14:49:30','2020-01-19 15:13:21',413547.42);
INSERT INTO accounts VALUES('57573804','61192','Mollie Ray','(940) 530-6245','industrial','2004-04-18 19:23:38','2017-08-25 10:32:41',773982.78);
INSERT INTO accounts VALUES('55767889','13038','Alivia Crane','(893) 347-8760','municipal','2008-03-13 10:22:27','2018-01-21 08:59:22',376701.63);
INSERT INTO accounts VALUES('41074726','83804','Brodie Hobbs','(796) 508-6104','commercial','2008-07-09 18:31:51','2016-01-19 14:49:47',777713.3);
INSERT INTO accounts VALUES('34161631','18457','Sebastian Dickerson','(273) 202-5585','commercial','2008-04-29 12:13:22','2018-06-07 09:21:18',692683.04);
INSERT INTO accounts VALUES('28548963','34725','Ronald Sanchez','(473) 491-9025','residential','2004-11-09 23:12:18','2017-03-11 04:40:08',529090.23);
INSERT INTO accounts VALUES('56384545','65898','Itzel Guerrero','(287) 679-5399','industrial','2004-03-10 15:16:31','2018-02-16 18:35:46',123909.94);
INSERT INTO accounts VALUES('19924453','34725','Ahmad Cummings','(941) 357-9021','commercial','2007-11-05 13:53:05','2012-05-22 21:53:32',597017.16);
INSERT INTO accounts VALUES('94037803','81480','Alivia Crane','(893) 347-8760','municipal','2008-03-13 10:22:27','2018-01-21 08:59:22',376701.63);
INSERT INTO accounts VALUES('26752018','12858','Brodie Hobbs','(796) 508-6104','commercial','2008-07-09 18:31:51','2016-01-19 14:49:47',777713.3);



INSERT INTO service_agreements VALUES('1','87625036','Elm Avenue','hazardous waste','every Tuesday of every week','(904) 694-9532',566.45,1994);
INSERT INTO service_agreements VALUES('2','73833854','Essex Court','mixed waste','every Wednesday of every week','(947) 900-1946',657.8,1643);
INSERT INTO service_agreements VALUES('3','34910788','Circle Drive','construction waste','every Monday of every week','(149) 953-8810',360.87,1225);
INSERT INTO service_agreements VALUES('4','12029871','Delaware Avenue','hazardous waste','every Friday of every week','(306) 162-4684',464.2,1609);
INSERT INTO service_agreements VALUES('5','85043375','Atlantic Avenue','metal','every Saturday of every week','(923) 798-0938',412.44,2601);
INSERT INTO service_agreements VALUES('6','23593363','Route 4','metal','every Saturday of every week','(979) 186-4729',301.5,2687);
INSERT INTO service_agreements VALUES('7','47129366','Division Street','construction waste','every Monday of every week','(408) 705-0130',625.72,1217);
INSERT INTO service_agreements VALUES('8','11755945','Howard Street','mixed waste','every Sunday of every week','(759) 240-3008',235.79,1821);
INSERT INTO service_agreements VALUES('9','84319749','Route 6','hazardous waste','every Wednesday of every week','(664) 327-0990',326.89,1888);
INSERT INTO service_agreements VALUES('10','77905025','Jackson Avenue','compost','every Thursday of every week','(583) 636-4313',696.72,2547);
INSERT INTO service_agreements VALUES('11','86352274','Franklin Avenue','paper','every Wednesday of every week','(880) 824-2017',465.4,2867);
INSERT INTO service_agreements VALUES('12','72061292','Academy Street','mixed waste','every Thursday of every week','(812) 880-7941',200.96,2115);
INSERT INTO service_agreements VALUES('13','57573804','Hanover Court','hazardous waste','every Tuesday of every week','(663) 847-0513',515.39,2224);
INSERT INTO service_agreements VALUES('14','55767889','Route 7','compost','every Saturday of every week','(975) 365-1735',479.2,2395);
INSERT INTO service_agreements VALUES('15','41074726','Overlook Circle','hazardous waste','every Thursday of every week','(798) 925-1247',829.89,1971);
INSERT INTO service_agreements VALUES('16','34161631','Ridge Road','plastic','every Sunday of every week','(829) 690-6594',591.71,2815);
INSERT INTO service_agreements VALUES('17','28548963','Victoria Court','paper','every Friday of every week','(805) 776-6753',398.85,2820);
INSERT INTO service_agreements VALUES('18','56384545','Pin Oak Drive','compost','every Monday of every week','(202) 798-8388',408.02,1513);
INSERT INTO service_agreements VALUES('19','19924453','Hickory Street','metal','every Friday of every week','(209) 164-7895',886.99,1281);
INSERT INTO service_agreements VALUES('20','73833854','Essex Court','construction waste','every Wednesday of every week','(947) 900-1946',719.04,2108);
INSERT INTO service_agreements VALUES('21','72149574','Catherine Street','hazardous waste','every Wednesday of every week','(916) 326-7817',562.01,2615);
INSERT INTO service_agreements VALUES('22','72149574','Catherine Street','paper','every Wednesday of every week','(916) 326-7817',835.7,2455);
INSERT INTO service_agreements VALUES('23','72149574','Catherine Street','plastic','every Wednesday of every week','(916) 326-7817',256.36,1991);
INSERT INTO service_agreements VALUES('24','77905025','Jackson Avenue','hazardous waste','every Thursday of every week','(583) 636-4313',938.28,1620);
INSERT INTO service_agreements VALUES('25','77905025','Jackson Avenue','construction waste','every Thursday of every week','(583) 636-4313',649.4,1836);
INSERT INTO service_agreements VALUES('26','57573804','Hanover Court','compost','every Tuesday of every week','(663) 847-0513',394.41,1603);
INSERT INTO service_agreements VALUES('27','19924453','Hickory Street','hazardous waste','every Friday of every week','(209) 164-7895',436.22,2225);
INSERT INTO service_agreements VALUES('28','72149574','Catherine Street','paper','every Wednesday of every week','(916) 326-7817',562.01,2615);
INSERT INTO service_agreements VALUES('29','72149574','Catherine Street','compost','every Monday of every week','(916) 326-7817',835.7,2455);
INSERT INTO service_agreements VALUES('30','72149574','Catherine Street','hazardous waste','every Wednesday of every week','(916) 326-7817',256.36,1991);
INSERT INTO service_agreements VALUES('31','72149574','Catherine Street','metal','every Wednesday of every week','(916) 326-7817',562.01,2615);
INSERT INTO service_agreements VALUES('32','72149574','Catherine Street','construction waste','every Thursday of every week','(916) 326-7817',835.7,2455);
INSERT INTO service_agreements VALUES('33','72149574','Catherine Street','mixed waste','every Tuesday of every week','(916) 326-7817',256.36,1991);
INSERT INTO service_agreements VALUES('34','72149574','Catherine Street','hazardous waste','every Wednesday of every week','(916) 326-7817',562.01,2615);
INSERT INTO service_agreements VALUES('35','72149574','Catherine Street','mixed waste','every Sunday of every week','(916) 326-7817',835.7,2455);
INSERT INTO service_agreements VALUES('36','72149574','Catherine Street','mixed waste','every Wednesday of every week','(916) 326-7817',256.36,1991);
INSERT INTO service_agreements VALUES('37','12029871','Elm Avenue','hazardous waste','every Tuesday of every week','(904) 694-9532',566.45,1994);
INSERT INTO service_agreements VALUES('38','73833854','Essex Court','mixed waste','every Wednesday of every week','(947) 900-1946',657.8,1643);
INSERT INTO service_agreements VALUES('39','56384545','Circle Drive','construction waste','every Monday of every week','(149) 953-8810',360.87,1225);
INSERT INTO service_agreements VALUES('40','72149574','Delaware Avenue','hazardous waste','every Friday of every week','(306) 162-4684',464.2,1609);
INSERT INTO service_agreements VALUES('41','28548963','Atlantic Avenue','metal','every Saturday of every week','(923) 798-0938',412.44,2601);
INSERT INTO service_agreements VALUES('42','47129366','Route 4','metal','every Saturday of every week','(979) 186-4729',301.5,2687);
INSERT INTO service_agreements VALUES('43','19924453','Division Street','construction waste','every Monday of every week','(408) 705-0130',625.72,1217);
INSERT INTO service_agreements VALUES('44','72149574','Howard Street','mixed waste','every Sunday of every week','(759) 240-3008',235.79,1821);
INSERT INTO service_agreements VALUES('45','11755945','Route 6','hazardous waste','every Wednesday of every week','(664) 327-0990',326.89,1888);
INSERT INTO service_agreements VALUES('46','73833854','Jackson Avenue','compost','every Thursday of every week','(583) 636-4313',696.72,2547);
INSERT INTO service_agreements VALUES('47','77905025','Franklin Avenue','paper','every Wednesday of every week','(880) 824-2017',465.4,2867);
INSERT INTO service_agreements VALUES('48','19924453','Academy Street','mixed waste','every Thursday of every week','(812) 880-7941',200.96,2115);
INSERT INTO service_agreements VALUES('49','47129366','Hanover Court','hazardous waste','every Tuesday of every week','(663) 847-0513',515.39,2224);
INSERT INTO service_agreements VALUES('50','72149574','Route 7','compost','every Saturday of every week','(975) 365-1735',479.2,2395);
INSERT INTO service_agreements VALUES('51','11755945','Overlook Circle','hazardous waste','every Thursday of every week','(798) 925-1247',829.89,1971);
INSERT INTO service_agreements VALUES('52','19924453','Ridge Road','plastic','every Sunday of every week','(829) 690-6594',591.71,2815);
INSERT INTO service_agreements VALUES('53','23593363','Victoria Court','paper','every Friday of every week','(805) 776-6753',398.85,2820);
INSERT INTO service_agreements VALUES('54','11755945','Overlook Circle','hazardous waste','every Thursday of every week','(798) 925-1247',829.89,1971);
INSERT INTO service_agreements VALUES('55','73833854','Ridge Road','plastic','every Sunday of every week','(829) 690-6594',591.71,2815);
INSERT INTO service_agreements VALUES('56','19924453','Victoria Court','paper','every Friday of every week','(805) 776-6753',398.85,2820);
INSERT INTO service_agreements VALUES('57','28548963','Atlantic Avenue','metal','every Saturday of every week','(923) 798-0938',412.44,2601);
INSERT INTO service_agreements VALUES('58','28548963','Atlantic Avenue','metal','every Saturday of every week','(923) 798-0938',412.44,2601);
INSERT INTO service_agreements VALUES('59','28548963','Atlantic Avenue','metal','every Saturday of every week','(923) 798-0938',412.44,2601);
INSERT INTO service_agreements VALUES('60','28548963','Atlantic Avenue','metal','every Saturday of every week','(923) 798-0938',412.44,2601);
INSERT INTO service_agreements VALUES('61','11755945','Overlook Circle','hazardous waste','every Thursday of every week','(798) 925-1247',829.89,1971);
INSERT INTO service_agreements VALUES('62','11755945','Overlook Circle','hazardous waste','every Thursday of every week','(798) 925-1247',829.89,1971);

INSERT INTO service_agreements VALUES('63','94037803','Overlook Circle','hazardous waste','every Thursday of every week','(798) 925-1247',829.89,1971);
INSERT INTO service_agreements VALUES('64','26752018','Overlook Circle','hazardous waste','every Thursday of every week','(798) 925-1247',829.89,1971);
INSERT INTO service_agreements VALUES('65','94037803','Victoria Court','paper','every Friday of every week','(805) 776-6753',398.85,2820);
INSERT INTO service_agreements VALUES('66','26752018','Overlook Circle','hazardous waste','every Thursday of every week','(798) 925-1247',829.89,1971);
INSERT INTO service_agreements VALUES('67','47129366','Ridge Road','plastic','every Sunday of every week','(829) 690-6594',591.71,2815);
INSERT INTO service_agreements VALUES('68','34910788','Route 4','metal','every Saturday of every week','(979) 186-4729',301.5,2687);
INSERT INTO service_agreements VALUES('69','85043375','Division Street','construction waste','every Monday of every week','(408) 705-0130',625.72,1217);
INSERT INTO service_agreements VALUES('70','34910788','Howard Street','mixed waste','every Sunday of every week','(759) 240-3008',235.79,1821);

INSERT INTO service_agreements VALUES('71','94037803','Route 7','compost','every Saturday of every week','(975) 365-1735',479.2,2395);
INSERT INTO service_agreements VALUES('72','26752018','Overlook Circle','hazardous waste','every Thursday of every week','(798) 925-1247',829.89,1971);
INSERT INTO service_agreements VALUES('73','86352274','Ridge Road','plastic','every Sunday of every week','(829) 690-6594',591.71,2815);
INSERT INTO service_agreements VALUES('74','28548963','Victoria Court','paper','every Friday of every week','(805) 776-6753',398.85,2820);
INSERT INTO service_agreements VALUES('75','85043375','Pin Oak Drive','compost','every Monday of every week','(202) 798-8388',408.02,1513);
INSERT INTO service_agreements VALUES('76','19924453','Hickory Street','metal','every Friday of every week','(209) 164-7895',886.99,1281);
INSERT INTO service_agreements VALUES('77','73833854','Essex Court','construction waste','every Wednesday of every week','(947) 900-1946',719.04,2108);
INSERT INTO service_agreements VALUES('78','85043375','Catherine Street','hazardous waste','every Wednesday of every week','(916) 326-7817',562.01,2615);
INSERT INTO service_agreements VALUES('79','34910788','Catherine Street','paper','every Wednesday of every week','(916) 326-7817',835.7,2455);

INSERT INTO service_agreements VALUES('80','26752018','Academy Street','mixed waste','every Thursday of every week','(812) 880-7941',200.96,2115);
INSERT INTO service_agreements VALUES('81','85043375','Hanover Court','hazardous waste','every Tuesday of every week','(663) 847-0513',515.39,2224);
INSERT INTO service_agreements VALUES('82','94037803','Route 7','compost','every Saturday of every week','(975) 365-1735',479.2,2395);
INSERT INTO service_agreements VALUES('83','94037803','Overlook Circle','hazardous waste','every Thursday of every week','(798) 925-1247',829.89,1971);
INSERT INTO service_agreements VALUES('84','26752018','Ridge Road','plastic','every Sunday of every week','(829) 690-6594',591.71,2815);
INSERT INTO service_agreements VALUES('85','94037803','Victoria Court','paper','every Friday of every week','(805) 776-6753',398.85,2820);

